整租・领秀慧谷C区 1室0厅 东/南/西/北,领秀慧谷C区,420元/月,https://bj.zu.ke.com/zufang/BJ2357151466172719104.html
独栋・ZOME己美・严选 北京星城地铁站三店 极致套房 开间,北京星城地铁站三店,900-1000元/月,https://bj.zu.ke.com/apartment/22636.html
整租・南平里 2室1厅 东南,南平里,1300元/月,https://bj.zu.ke.com/zufang/BJ2362055705994723328.html
独栋・ZOME己美・严选 良乡南关地铁站二店 极致套房 开间,良乡南关地铁站二店,1200元/月,https://bj.zu.ke.com/apartment/22637.html
整租・政馨园一区 1室0厅 南,政馨园一区,420元/月,https://bj.zu.ke.com/zufang/BJ2373021773924147200.html
独栋・ZOME己美・严选 北京良乡大学城店 极致套房 开间,北京良乡大学城店,880元/月,https://bj.zu.ke.com/apartment/21708.html
整租・梧桐苑知秋园 1室0厅 东/南/西/北,梧桐苑知秋园,400元/月,https://bj.zu.ke.com/zufang/BJ2381063189728337920.html
整租・伟业嘉园西里 1室1厅 北,伟业嘉园西里,1500元/月,https://bj.zu.ke.com/zufang/BJ2339100258266783744.html
整租・化肥厂家属楼 2室1厅 南/北,化肥厂家属楼,1500元/月,https://bj.zu.ke.com/zufang/BJ2363665519389196288.html
整租・北街家园五区 1房间 南,北街家园五区,1200元/月,https://bj.zu.ke.com/zufang/BJ2356412813905502208.html
整租・房山超级蜂巢 2房间 南,房山超级蜂巢,1500元/月,https://bj.zu.ke.com/zufang/BJ2268213449009922048.html
独栋・ZOME己美・严选 潞城地铁站一店 雅致套房+ 开间,潞城地铁站一店,1480-2880元/月,https://bj.zu.ke.com/apartment/15606.html
整租・房山超级蜂巢 2房间 南,房山超级蜂巢,1500元/月,https://bj.zu.ke.com/zufang/BJ2268786703110250496.html
独栋・ZOME己美・严选 潞城地铁站一店 精致套房+ 开间,潞城地铁站一店,1480-1680元/月,https://bj.zu.ke.com/apartment/15606.html
整租・月季园东里 2室1厅 南/北,月季园东里,1400元/月,https://bj.zu.ke.com/zufang/BJ2380222054349160448.html
整租・玉竹园 1室1厅 南/北,玉竹园,1400元/月,https://bj.zu.ke.com/zufang/BJ2362306391684677632.html
整租・北街家园五区 1房间 东,北街家园五区,1200元/月,https://bj.zu.ke.com/zufang/BJ2379540896963100672.html
整租・北街家园五区 1房间 西,北街家园五区,1000元/月,https://bj.zu.ke.com/zufang/BJ2381135910705577984.html
整租・北街家园五区 1房间 东,北街家园五区,900元/月,https://bj.zu.ke.com/zufang/BJ2299283305436561408.html
整租・北街家园五区 1房间 北,北街家园五区,1200元/月,https://bj.zu.ke.com/zufang/BJ2378995173049761792.html
整租・北街家园五区 1房间 南,北街家园五区,1100元/月,https://bj.zu.ke.com/zufang/BJ2363820803939901440.html
独栋・ZOME己美・严选 潞城地铁站一店 精致套房 开间,潞城地铁站一店,1280元/月,https://bj.zu.ke.com/apartment/15606.html
整租・北街家园五区 1房间 南,北街家园五区,1200元/月,https://bj.zu.ke.com/zufang/BJ2380416535954202624.html
独栋・ZOME己美・严选 东夏园地铁站店 雅致套房 开间,东夏园地铁站店,1500元/月,https://bj.zu.ke.com/apartment/14857.html
整租・北街家园五区 1房间 东,北街家园五区,1050元/月,https://bj.zu.ke.com/zufang/BJ2373172891711193088.html
独栋・ZOME己美・严选 北京良乡大学城店 精致套房 开间,北京良乡大学城店,980元/月,https://bj.zu.ke.com/apartment/21708.html
整租・建设巷小区 2室1厅 东/南/北,建设巷小区,1500元/月,https://bj.zu.ke.com/zufang/BJ2381840769348026368.html
独栋・ZOME己美・严选 沙河地铁站一店 极致套房 开间,沙河地铁站一店,1180-1380元/月,https://bj.zu.ke.com/apartment/15051.html
独栋・ZOME己美・严选 沙河地铁站一店 精致套房 开间,沙河地铁站一店,1280元/月,https://bj.zu.ke.com/apartment/15051.html
独栋・ZOME己美・严选 沙河地铁站一店 雅致套房 开间,沙河地铁站一店,1380元/月,https://bj.zu.ke.com/apartment/15051.html
整租・北街家园五区 1房间 东,北街家园五区,1200元/月,https://bj.zu.ke.com/zufang/BJ2387603311609257984.html
独栋・ZOME己美・严选 潞城地铁站二店 极致套房 开间,潞城地铁站二店,1500元/月,https://bj.zu.ke.com/apartment/14858.html
独栋・ZOME己美・严选 北京昌平地铁站三店 精致套房 开间,北京昌平地铁站三店,1280-1780元/月,https://bj.zu.ke.com/apartment/16909.html
独栋・ZOME己美・严选 昌平地铁站店 极致套房 开间,昌平地铁站店,1080元/月,https://bj.zu.ke.com/apartment/15671.html
独栋・ZOME己美 北京沙河地铁站三店 雅致套房 开间,北京沙河地铁站三店,1380元/月,https://bj.zu.ke.com/apartment/22379.html
独栋・ZOME己美 北京沙河地铁站三店 精装一室一厅 开间,北京沙河地铁站三店,1480-1780元/月,https://bj.zu.ke.com/apartment/22379.html
独栋・ZOME己美・严选 北京星城地铁站一店 极致套房A 开间,北京星城地铁站一店,650-1100元/月,https://bj.zu.ke.com/apartment/20592.html
独栋・ZOME己美・严选 北京星城地铁站二店 清新・loft 开间,北京星城地铁站二店,1100元/月,https://bj.zu.ke.com/apartment/21554.html
独栋・ZOME己美・严选 北京星城地铁站二店 极致套房 开间,北京星城地铁站二店,950元/月,https://bj.zu.ke.com/apartment/21554.html
独栋・ZOME己美・严选 北京星城地铁站一店 精致套房A 开间,北京星城地铁站一店,750-1050元/月,https://bj.zu.ke.com/apartment/20592.html
独栋・ZOME己美・严选 北京东夏园地铁站三店 雅致套房 开间,北京东夏园地铁站三店,1400-1600元/月,https://bj.zu.ke.com/apartment/21736.html
独栋・ZOME己美・严选 沙河地铁站二店 精致套房 开间,沙河地铁站二店,1280元/月,https://bj.zu.ke.com/apartment/16907.html
独栋・ZOME己美・严选 昌平地铁站店 精致套房 开间,昌平地铁站店,1180元/月,https://bj.zu.ke.com/apartment/15671.html
独栋・ZOME己美・严选 东夏园地铁站店 精致套房 开间,东夏园地铁站店,1400元/月,https://bj.zu.ke.com/apartment/14857.html
独栋・ZOME己美・严选 北京星城地铁站一店 雅致套房A 开间,北京星城地铁站一店,1000-1080元/月,https://bj.zu.ke.com/apartment/20592.html
独栋・ZOME己美・严选 北京星城地铁站二店 精装一室一厅 开间,北京星城地铁站二店,1100-1200元/月,https://bj.zu.ke.com/apartment/21554.html
独栋・ZOME己美・严选 北京星城地铁站一店 极致套房B 开间,北京星城地铁站一店,1050-1150元/月,https://bj.zu.ke.com/apartment/20592.html
独栋・ZOME己美・严选 北京星城地铁站三店 精致套房 开间,北京星城地铁站三店,1100-1350元/月,https://bj.zu.ke.com/apartment/22636.html
